{"epoch": 0, "train_loss": 0.10582783818244934, "train_accuracy": 42.5, "_timestamp": 1662376031.5525835, "_runtime": 21.211116552352905, "_step": 1, "val_loss": 0.0, "val_accuracy": 100.0, "_wandb": {"runtime": 20}}