{"epoch": 4, "train_loss": 0.0, "train_accuracy": 100.0, "_timestamp": 1662376586.5838287, "_runtime": 48.14471960067749, "_step": 10, "val_loss": 0.0, "val_accuracy": 100.0, "test_accuracy": 100.0, "_wandb": {"runtime": 53}}