{"epoch": 0, "train_loss": 37621.81138006846, "train_accuracy": 25.614639388190376, "_timestamp": 1662379480.5564253, "_runtime": 35.62657332420349, "_step": 0, "_wandb": {"runtime": 38}}