{"epoch": 0, "train_loss": 26071.271773232358, "train_accuracy": 24.243951585557724, "_timestamp": 1662379288.3322122, "_runtime": 62.84777212142944, "_step": 3, "val_loss": 76.96592712402344, "val_accuracy": 31.61962381998698, "test_accuracy": 25.852015495300293, "Evaluation summarize": {"_type": "table-file", "sha256": "4c7add34bbf71008c1aeaf663b375a23da7d02fdf8b72fd06f82eaf1b5d469ec", "size": 143, "artifact_path": "wandb-client-artifact://1215olz8q7njk7228i1htdubkurnb5i8v4cv5e1xdf3797legplv7eh0kijzwdydrphywg4amqbxg5lih2zojw9dt7ubtpucdujn593pygb5d4n335en4dtleyh0hpew:latest/Evaluation summarize.table.json", "_latest_artifact_path": "wandb-client-artifact://1215olz8q7njk7228i1htdubkurnb5i8v4cv5e1xdf3797legplv7eh0kijzwdydrphywg4amqbxg5lih2zojw9dt7ubtpucdujn593pygb5d4n335en4dtleyh0hpew:latest/Evaluation summarize.table.json", "path": "media/table/Evaluation summarize_3_4c7add34bbf71008c1ae.table.json", "ncols": 2, "nrows": 3}, "_wandb": {"runtime": 63}}